{
  "name": "4-1-2",
  "players": [
    [71, 350],
    [272, 89],
    [245, 214],
    [249, 436],
    [309, 631],
    [517, 77],
    [461, 222],
    [437, 394],
    [520, 614],
    [598, 290],
    [598, 387]
  ],
  "normalized": [
    [0.0008771929824561404, 0.49528301886792453],
    [0.17719298245614035, 0.08490566037735849],
    [0.15350877192982457, 0.28144654088050314],
    [0.1570175438596491, 0.6305031446540881],
    [0.20964912280701756, 0.9371069182389937],
    [0.39210526315789473, 0.0660377358490566],
    [0.3429824561403509, 0.2940251572327044],
    [0.3219298245614035, 0.5644654088050315],
    [0.39473684210526316, 0.910377358490566],
    [0.4631578947368421, 0.4009433962264151],
    [0.4631578947368421, 0.5534591194968553]
  ],
  "normalized_right": [
    [0.9991228070175439, 0.49528301886792453],
    [0.8228070175438597, 0.08490566037735849],
    [0.8464912280701754, 0.28144654088050314],
    [0.8429824561403509, 0.6305031446540881],
    [0.7903508771929825, 0.9371069182389937],
    [0.6078947368421053, 0.0660377358490566],
    [0.6570175438596491, 0.2940251572327044],
    [0.6780701754385965, 0.5644654088050315],
    [0.6052631578947368, 0.910377358490566],
    [0.5368421052631579, 0.4009433962264151],
    [0.5368421052631579, 0.5534591194968553]
  ]
}
