{
  "name": "4-3-3",
  "players": [
    [69, 352],
    [324, 74],
    [259, 250],
    [255, 449],
    [315, 639],
    [456, 111],
    [412, 280],
    [460, 542],
    [577, 174],
    [508, 362],
    [584, 559]
  ],
  "normalized": [
    [-0.0008771929824561404, 0.49842767295597484],
    [0.22280701754385965, 0.06132075471698113],
    [0.16578947368421051, 0.3380503144654088],
    [0.16228070175438597, 0.6509433962264151],
    [0.2149122807017544, 0.949685534591195],
    [0.3385964912280702, 0.11949685534591195],
    [0.3, 0.38522012578616355],
    [0.34210526315789475, 0.7971698113207547],
    [0.44473684210526315, 0.21855345911949686],
    [0.38421052631578945, 0.5141509433962265],
    [0.45087719298245615, 0.8238993710691824]
  ],
  "normalized_right": [
    [1.000877192982456, 0.49842767295597484],
    [0.7771929824561403, 0.06132075471698113],
    [0.8342105263157895, 0.3380503144654088],
    [0.8377192982456141, 0.6509433962264151],
    [0.7850877192982456, 0.949685534591195],
    [0.6614035087719299, 0.11949685534591195],
    [0.7, 0.38522012578616355],
    [0.6578947368421053, 0.7971698113207547],
    [0.5552631578947369, 0.21855345911949686],
    [0.6157894736842106, 0.5141509433962265],
    [0.5491228070175438, 0.8238993710691824]
  ]
}
