{"name": "4-8-5", "players": [[73, 355], [291, 93], [231, 245], [230, 463], [290, 604], [429, 161], [409, 346], [410, 587], [642, 116], [637, 354], [635, 576]], "normalized": [[0.002631578947368421, 0.5031446540880503], [0.193859649122807, 0.09119496855345911], [0.1412280701754386, 0.330188679245283], [0.14035087719298245, 0.6729559748427673], [0.19298245614035087, 0.8946540880503144], [0.31491228070175437, 0.19811320754716982], [0.29736842105263156, 0.4889937106918239], [0.2982456140350877, 0.8679245283018868], [0.5017543859649123, 0.12735849056603774], [0.49736842105263157, 0.5015723270440252], [0.4956140350877193, 0.85062893081761]], "normalized_right": [[0.9973684210526316, 0.5031446540880503], [0.8061403508771929, 0.09119496855345911], [0.8587719298245614, 0.330188679245283], [0.8596491228070176, 0.6729559748427673], [0.8070175438596492, 0.8946540880503144], [0.6850877192982456, 0.19811320754716982], [0.7026315789473685, 0.4889937106918239], [0.7017543859649122, 0.8679245283018868], [0.5017543859649123, 0.12735849056603774], [0.5026315789473684, 0.5015723270440252], [0.5043859649122807, 0.85062893081761]]}