{"name": "5-8-8", "players": [[80, 351], [237, 134], [207, 305], [214, 500], [442, 72], [384, 228], [373, 417], [359, 581], [571, 168], [532, 369], [591, 553]], "normalized": [[0.008771929824561403, 0.4968553459119497], [0.14649122807017545, 0.15566037735849056], [0.12017543859649123, 0.42452830188679247], [0.12631578947368421, 0.7311320754716981], [0.3263157894736842, 0.05817610062893082], [0.2754385964912281, 0.30345911949685533], [0.2657894736842105, 0.60062893081761], [0.2535087719298246, 0.8584905660377359], [0.4394736842105263, 0.20911949685534592], [0.4052631578947368, 0.5251572327044025], [0.4570175438596491, 0.8144654088050315]], "normalized_right": [[0.9912280701754386, 0.4968553459119497], [0.8535087719298246, 0.15566037735849056], [0.8798245614035087, 0.42452830188679247], [0.8736842105263158, 0.7311320754716981], [0.6736842105263158, 0.05817610062893082], [0.724561403508772, 0.30345911949685533], [0.7342105263157894, 0.60062893081761], [0.7464912280701754, 0.8584905660377359], [0.5605263157894738, 0.20911949685534592], [0.5947368421052632, 0.5251572327044025], [0.5429824561403509, 0.8144654088050315]]}